net.sta,s_fmin,s_fwidth,s_snr,best_f1
CM.BAR2,3,10,2.7090009351467703,0.8134782608695652
CM.PDSC,3,3,2.1908123297085935,0.2944444444444444
CM.PAM,1,1,2.965240164895411,0.7690476190476191
CM.BAR2,3,10,1.92,0.8436363636363635
