net.sta,p_sta,p_sta_width,p_fmin,p_fwidth,aic_fmin,aic_fwidth,p_timecorr,p_snr,trig_on,best_f1
CM.BAR2,0.25459138849983143,53.00574491539976,2,7,8,2,0.008094518067948673,1,3.8801112077674187,0.6680769230769231
CM.PDSC,0.20731404287892677,13.102612915128466,7,8,6,7,0.19692962076274012,4,11.167031797521306,0.205
CM.PAM,0.672574863179711,74.12590348803232,4,7,2,1,0.06022144996698661,1,2.8507894826771256,0.7133333333333335
CM.BAR2,0.52,75.89,5,1,1,3,0.0,2,3.83,0.7220000000000002
